time_utc_iso,twl_ft_mllw,tide_ft_mllw,surge_ft,src_time
2026-03-19T06:00:00.000Z,-0.268,-0.461,0,202603190600
2026-03-19T07:00:00.000Z,-0.278,-0.476,0,202603190700
2026-03-19T08:00:00.000Z,0.531,0.177,0,202603190800
2026-03-19T09:00:00.000Z,1.449,1.313,0,202603190900
2026-03-19T10:00:00.000Z,2.65,2.616,0,202603191000
2026-03-19T11:00:00.000Z,3.86,3.777,0,202603191100
2026-03-19T12:00:00.000Z,4.657,4.577,0,202603191200
2026-03-19T13:00:00.000Z,5.047,4.854,0,202603191300
2026-03-19T14:00:00.000Z,4.808,4.463,0.1,202603191400
2026-03-19T15:00:00.000Z,3.87,3.396,0.1,202603191500
2026-03-19T16:00:00.000Z,2.479,1.939,0.1,202603191600
2026-03-19T17:00:00.000Z,1.161,0.562,0.1,202603191700
2026-03-19T18:00:00.000Z,0.121,-0.355,0.2,202603191800
2026-03-19T19:00:00.000Z,-0.219,-0.599,0.2,202603191900
2026-03-19T20:00:00.000Z,0.35,-0.117,0.2,202603192000
2026-03-19T21:00:00.000Z,1.229,0.945,0.3,202603192100
2026-03-19T22:00:00.000Z,2.528,2.284,0.3,202603192200
2026-03-19T23:00:00.000Z,3.88,3.565,0.4,202603192300
2026-03-20T00:00:00.000Z,4.91,4.529,0.4,202603200000
2026-03-20T01:00:00.000Z,5.329,4.994,0.4,202603200100
2026-03-20T02:00:00.000Z,5.129,4.813,0.4,202603200200
2026-03-20T03:00:00.000Z,4.247,3.933,0.4,202603200300
2026-03-20T04:00:00.000Z,3.07,2.542,0.4,202603200400
2026-03-20T05:00:00.000Z,1.748,1.063,0.4,202603200500
2026-03-20T06:00:00.000Z,0.469,-0.089,0.4,202603200600
2026-03-20T07:00:00.000Z,-0.268,-0.636,0.4,202603200700
2026-03-20T08:00:00.000Z,0.049,-0.463,0.4,202603200800
2026-03-20T09:00:00.000Z,0.79,0.354,0.4,202603200900
2026-03-20T10:00:00.000Z,1.84,1.568,0.4,202603201000
2026-03-20T11:00:00.000Z,3.079,2.861,0.4,202603201100
2026-03-20T12:00:00.000Z,4.139,3.951,0.4,202603201200
2026-03-20T13:00:00.000Z,4.959,4.625,0.4,202603201300
2026-03-20T14:00:00.000Z,5.149,4.711,0.4,202603201400
2026-03-20T15:00:00.000Z,4.549,4.101,0.4,202603201500
2026-03-20T16:00:00.000Z,3.46,2.882,0.4,202603201600
2026-03-20T17:00:00.000Z,1.99,1.407,0.4,202603201700
2026-03-20T18:00:00.000Z,0.751,0.139,0.5,202603201800
2026-03-20T19:00:00.000Z,-0.121,-0.564,0.5,202603201900
2026-03-20T20:00:00.000Z,-0.121,-0.536,0.5,202603202000
2026-03-20T21:00:00.000Z,0.629,0.191,0.5,202603202100
2026-03-20T22:00:00.000Z,1.81,1.408,0.4,202603202200
2026-03-20T23:00:00.000Z,3.217,2.804,0.4,202603202300
2026-03-21T00:00:00.000Z,4.467,4.063,0.4,202603210000
2026-03-21T01:00:00.000Z,5.218,4.929,0.4,202603210100
2026-03-21T02:00:00.000Z,5.428,5.215,0.3,202603210200
2026-03-21T03:00:00.000Z,5.097,4.808,0.3,202603210300
2026-03-21T04:00:00.000Z,4.218,3.738,0.2,202603210400
2026-03-21T05:00:00.000Z,2.889,2.258,0.1,202603210500
2026-03-21T06:00:00.000Z,1.289,0.793,0.1,202603210600
2026-03-21T07:00:00.000Z,0.078,-0.247,0.1,202603210700
2026-03-21T08:00:00.000Z,-0.4,-0.626,0.2,202603210800
2026-03-21T09:00:00.000Z,0.009,-0.303,0.2,202603210900
2026-03-21T10:00:00.000Z,0.8,0.584,0.2,202603211000
2026-03-21T11:00:00.000Z,1.918,1.788,0.2,202603211100
2026-03-21T12:00:00.000Z,3.129,3.016,0.3,202603211200
2026-03-21T13:00:00.000Z,4.237,3.993,0.3,202603211300
2026-03-21T14:00:00.000Z,4.808,4.505,0.3,202603211400
2026-03-21T15:00:00.000Z,4.877,4.407,0.4,202603211500
2026-03-21T16:00:00.000Z,4.208,3.655,0.4,202603211600
2026-03-21T17:00:00.000Z,3.089,2.387,0.4,202603211700
2026-03-21T18:00:00.000Z,1.699,0.979,0.5,202603211800
2026-03-21T19:00:00.000Z,0.508,-0.105,0.5,202603211900
2026-03-21T20:00:00.000Z,-0.209,-0.56,0.5,202603212000
2026-03-21T21:00:00.000Z,0.17,-0.305,0.6,202603212100
2026-03-21T22:00:00.000Z,1.088,0.567,0.6,202603212200
2026-03-21T23:00:00.000Z,2.328,1.845,0.7,202603212300
2026-03-22T00:00:00.000Z,3.729,3.232,0.6,202603220000
2026-03-22T01:00:00.000Z,4.837,4.415,0.6,202603220100
2026-03-22T02:00:00.000Z,5.559,5.136,0.6,202603220200
2026-03-22T03:00:00.000Z,5.739,5.243,0.6,202603220300
2026-03-22T04:00:00.000Z,5.297,4.683,0.6,202603220400
2026-03-22T05:00:00.000Z,4.349,3.524,0.6,202603220500
2026-03-22T06:00:00.000Z,2.899,2.038,0.6,202603220600
2026-03-22T07:00:00.000Z,1.489,0.668,0.6,202603220700
2026-03-22T08:00:00.000Z,0.478,-0.215,0.6,202603220800
2026-03-22T09:00:00.000Z,0.15,-0.457,0.6,202603220900
2026-03-22T10:00:00.000Z,0.629,-0.074,0.6,202603221000
2026-03-22T11:00:00.000Z,1.41,0.801,0.6,202603221100
2026-03-22T12:00:00.000Z,2.587,1.942,0.6,202603221200
2026-03-22T13:00:00.000Z,3.808,3.061,0.6,202603221300
2026-03-22T14:00:00.000Z,4.729,3.888,0.7,202603221400
2026-03-22T15:00:00.000Z,5.188,4.242,0.7,202603221500
2026-03-22T16:00:00.000Z,5.028,4.029,0.7,202603221600
2026-03-22T17:00:00.000Z,4.227,3.226,0.7,202603221700
2026-03-22T18:00:00.000Z,3.158,1.989,0.7,202603221800
2026-03-22T19:00:00.000Z,1.859,0.723,0.7,202603221900
2026-03-22T20:00:00.000Z,0.79,-0.138,0.7,202603222000
2026-03-22T21:00:00.000Z,0.429,-0.386,0.6,202603222100
2026-03-22T22:00:00.000Z,0.869,-0.006,0.6,202603222200
2026-03-22T23:00:00.000Z,1.767,0.917,0.5,202603222300
2026-03-23T00:00:00.000Z,2.919,2.189,0.6,202603230000
2026-03-23T01:00:00.000Z,4.168,3.51,0.6,202603230100
2026-03-23T02:00:00.000Z,5.198,4.567,0.6,202603230200
2026-03-23T03:00:00.000Z,5.808,5.141,0.6,202603230300
2026-03-23T04:00:00.000Z,5.887,5.134,0.6,202603230400
2026-03-23T05:00:00.000Z,5.418,4.511,0.5,202603230500
2026-03-23T06:00:00.000Z,4.237,3.345,0.6,202603230600
2026-03-23T07:00:00.000Z,2.968,1.94,0.6,202603230700
2026-03-23T08:00:00.000Z,1.659,0.725,0.7,202603230800
2026-03-23T09:00:00.000Z,0.829,-0.023,0.7,202603230900
2026-03-23T10:00:00.000Z,0.869,-0.213,0.7,202603231000
2026-03-23T11:00:00.000Z,0.99,0.154,0.7,202603231100
2026-03-23T12:00:00.000Z,1.728,0.971,0.8,202603231200
2026-03-23T13:00:00.000Z,2.909,2.008,0.9,202603231300
2026-03-23T14:00:00.000Z,4.037,2.98,1,202603231400
2026-03-23T15:00:00.000Z,5.028,3.66,1,202603231500
2026-03-23T16:00:00.000Z,5.428,3.92,1.1,202603231600
2026-03-23T17:00:00.000Z,5.139,3.672,1.1,202603231700
2026-03-23T18:00:00.000Z,4.257,2.887,1.1,202603231800
2026-03-23T19:00:00.000Z,3.188,1.752,1.1,202603231900
2026-03-23T20:00:00.000Z,2.069,0.679,1.1,202603232000
2026-03-23T21:00:00.000Z,1.229,0.004,1.1,202603232100
2026-03-23T22:00:00.000Z,0.888,-0.139,1.1,202603232200
2026-03-23T23:00:00.000Z,1.18,0.274,1,202603232300
2026-03-24T00:00:00.000Z,2.049,1.187,0.9,202603240000
2026-03-24T01:00:00.000Z,2.958,2.396,0.8,202603240100
2026-03-24T02:00:00.000Z,3.788,3.596,0.8,202603240200
2026-03-24T03:00:00.000Z,4.549,4.517,0.7,202603240300
2026-03-24T04:00:00.000Z,5.418,4.998,0.7,202603240400
2026-03-24T05:00:00.000Z,5.739,4.957,0.7,202603240500
2026-03-24T06:00:00.000Z,5.339,4.344,0.7,202603240600
2026-03-24T07:00:00.000Z,4.447,3.254,0.8,202603240700
2026-03-24T08:00:00.000Z,3.23,2.001,0.9,202603240800
2026-03-24T09:00:00.000Z,2.109,0.93,0.9,202603240900
2026-03-24T10:00:00.000Z,1.338,0.236,1,202603241000
2026-03-24T11:00:00.000Z,1.17,0.028,1,202603241100
2026-03-24T12:00:00.000Z,1.39,0.343,1,202603241200
2026-03-24T13:00:00.000Z,2.119,1.068,1,202603241300
2026-03-24T14:00:00.000Z,3.123,1.967,1.1,202603241400
2026-03-24T15:00:00.000Z,3.957,2.797,1.1,202603241500
2026-03-24T16:00:00.000Z,4.453,3.388,1,202603241600
2026-03-24T17:00:00.000Z,4.693,3.624,1,202603241700
2026-03-24T18:00:00.000Z,4.475,3.401,1,202603241800
2026-03-24T19:00:00.000Z,3.776,2.698,1,202603241900
2026-03-24T20:00:00.000Z,2.706,1.723,0.9,202603242000
2026-03-24T21:00:00.000Z,1.804,0.817,0.9,202603242100
2026-03-24T22:00:00.000Z,1.222,0.23,0.9,202603242200
2026-03-24T23:00:00.000Z,1.096,0.1,0.9,202603242300
2026-03-25T00:00:00.000Z,1.392,0.491,0.8,202603250000
2026-03-25T01:00:00.000Z,2.24,1.339,0.8,202603250100
2026-03-25T02:00:00.000Z,3.231,2.43,0.7,202603250200
2026-03-25T03:00:00.000Z,4.3,3.499,0.7,202603250300
2026-03-25T04:00:00.000Z,5.03,4.329,0.6,202603250400
2026-03-25T05:00:00.000Z,5.485,4.784,0.6,202603250500
2026-03-25T06:00:00.000Z,5.367,4.766,0.5,202603250600
2026-03-25T07:00:00.000Z,4.834,4.233,0.5,202603250700
2026-03-25T08:00:00.000Z,3.891,3.29,0.5,202603250800
2026-03-25T09:00:00.000Z,2.692,2.191,0.4,202603250900
2026-03-25T10:00:00.000Z,1.69,1.189,0.4,202603251000
2026-03-25T11:00:00.000Z,0.882,0.481,0.3,202603251100
2026-03-25T12:00:00.000Z,0.623,0.222,0.3,202603251200
2026-03-25T13:00:00.000Z,0.756,0.455,0.2,202603251300
2026-03-25T14:00:00.000Z,1.363,1.062,0.2,202603251400
2026-03-25T15:00:00.000Z,2.137,1.836,0.2,202603251500
2026-03-25T16:00:00.000Z,2.784,2.583,0.1,202603251600
2026-03-25T17:00:00.000Z,3.353,3.152,0.1,202603251700
2026-03-25T18:00:00.000Z,3.617,3.416,0.1,202603251800
2026-03-25T19:00:00.000Z,3.472,3.271,0.1,202603251900
2026-03-25T20:00:00.000Z,2.909,2.708,0.1,202603252000
2026-03-25T21:00:00.000Z,2.083,1.882,0.1,202603252100
2026-03-25T22:00:00.000Z,1.351,1.05,0.2,202603252200
2026-03-25T23:00:00.000Z,0.761,0.46,0.2,202603252300
2026-03-26T00:00:00.000Z,0.591,0.29,0.2,202603260000
2026-03-26T01:00:00.000Z,0.808,0.607,0.1,202603260100
2026-03-26T02:00:00.000Z,1.543,1.342,0.1,202603260200
2026-03-26T03:00:00.000Z,2.511,2.31,0.1,202603260300
2026-03-26T04:00:00.000Z,3.49,3.289,0.1,202603260400
2026-03-26T05:00:00.000Z,4.285,4.084,0.1,202603260500
2026-03-26T06:00:00.000Z,4.759,4.558,0.1,202603260600
2026-03-26T07:00:00.000Z,4.717,4.616,0,202603260700
2026-03-26T08:00:00.000Z,4.323,4.222,0,202603260800
2026-03-26T09:00:00.000Z,3.532,3.431,0,202603260900
2026-03-26T10:00:00.000Z,2.519,2.418,0,202603261000
2026-03-26T11:00:00.000Z,1.518,1.417,0,202603261100
2026-03-26T12:00:00.000Z,0.764,0.663,0,202603261200
2026-03-26T13:00:00.000Z,0.425,0.324,0,202603261300
2026-03-26T14:00:00.000Z,0.455,0.454,-0.1,202603261400
2026-03-26T15:00:00.000Z,0.965,0.964,-0.1,202603261500
2026-03-26T16:00:00.000Z,1.68,1.679,-0.1,202603261600
2026-03-26T17:00:00.000Z,2.413,2.412,-0.1,202603261700
2026-03-26T18:00:00.000Z,2.908,3.007,-0.2,202603261800
2026-03-26T19:00:00.000Z,3.246,3.345,-0.2,202603261900
2026-03-26T20:00:00.000Z,3.228,3.327,-0.2,202603262000
2026-03-26T21:00:00.000Z,2.798,2.897,-0.2,202603262100
2026-03-26T22:00:00.000Z,2.042,2.141,-0.2,202603262200
2026-03-26T23:00:00.000Z,1.201,1.3,-0.2,202603262300
2026-03-27T00:00:00.000Z,0.454,0.653,-0.3,202603270000
2026-03-27T01:00:00.000Z,0.191,0.39,-0.3,202603270100
2026-03-27T02:00:00.000Z,0.291,0.59,-0.4,202603270200
2026-03-27T03:00:00.000Z,0.915,1.214,-0.4,202603270300
2026-03-27T04:00:00.000Z,1.707,2.106,-0.5,202603270400
2026-03-27T05:00:00.000Z,2.648,3.047,-0.5,202603270500
2026-03-27T06:00:00.000Z,3.348,3.847,-0.6,202603270600
2026-03-27T07:00:00.000Z,3.882,4.381,-0.6,202603270700
2026-03-27T08:00:00.000Z,3.96,4.559,-0.7,202603270800
2026-03-27T09:00:00.000Z,3.699,4.298,-0.7,202603270900
2026-03-27T10:00:00.000Z,2.992,3.591,-0.7,202603271000
2026-03-27T11:00:00.000Z,1.993,2.592,-0.7,202603271100
2026-03-27T12:00:00.000Z,0.962,1.561,-0.7,202603271200
2026-03-27T13:00:00.000Z,0.033,0.732,-0.8,202603271300
2026-03-27T14:00:00.000Z,-0.305,0.294,-0.7,202603271400
2026-03-27T15:00:00.000Z,-0.249,0.35,-0.7,202603271500
2026-03-27T16:00:00.000Z,0.236,0.835,-0.7,202603271600
2026-03-27T17:00:00.000Z,0.964,1.563,-0.7,202603271700
2026-03-27T18:00:00.000Z,1.836,2.335,-0.6,202603271800
2026-03-27T19:00:00.000Z,2.508,3.007,-0.6,202603271900
2026-03-27T20:00:00.000Z,3.061,3.46,-0.5,202603272000
2026-03-27T21:00:00.000Z,3.254,3.553,-0.4,202603272100
2026-03-27T22:00:00.000Z,2.877,3.176,-0.4,202603272200
2026-03-27T23:00:00.000Z,2.208,2.407,-0.3,202603272300
2026-03-28T00:00:00.000Z,1.411,1.51,-0.2,202603280000
2026-03-28T01:00:00.000Z,0.66,0.759,-0.2,202603280100
2026-03-28T02:00:00.000Z,0.364,0.363,-0.1,202603280200
2026-03-28T03:00:00.000Z,0.456,0.455,-0.1,202603280300
2026-03-28T04:00:00.000Z,1.024,1.023,-0.1,202603280400
2026-03-28T05:00:00.000Z,1.895,1.894,-0.1,202603280500
2026-03-28T06:00:00.000Z,2.841,2.84,-0.1,202603280600
2026-03-28T07:00:00.000Z,3.687,3.686,-0.1,202603280700
2026-03-28T08:00:00.000Z,4.419,4.318,0,202603280800
2026-03-28T09:00:00.000Z,4.702,4.601,0,202603280900
2026-03-28T10:00:00.000Z,4.493,4.392,0,202603281000
2026-03-28T11:00:00.000Z,3.884,3.683,0.1,202603281100
2026-03-28T12:00:00.000Z,2.859,2.658,0.1,202603281200
